-- MySQL dump 10.10
--
-- Host: localhost    Database: testing_db
-- ------------------------------------------------------
-- Server version	5.0.22-community-nt

/*!40101 SET @OLD_CHARACTER_SET_CLIENT=@@CHARACTER_SET_CLIENT */;
/*!40101 SET @OLD_CHARACTER_SET_RESULTS=@@CHARACTER_SET_RESULTS */;
/*!40101 SET @OLD_COLLATION_CONNECTION=@@COLLATION_CONNECTION */;
/*!40101 SET NAMES utf8 */;
/*!40103 SET @OLD_TIME_ZONE=@@TIME_ZONE */;
/*!40103 SET TIME_ZONE='+00:00' */;
/*!40014 SET @OLD_UNIQUE_CHECKS=@@UNIQUE_CHECKS, UNIQUE_CHECKS=0 */;
/*!40014 SET @OLD_FOREIGN_KEY_CHECKS=@@FOREIGN_KEY_CHECKS, FOREIGN_KEY_CHECKS=0 */;
/*!40101 SET @OLD_SQL_MODE=@@SQL_MODE, SQL_MODE='NO_AUTO_VALUE_ON_ZERO' */;
/*!40111 SET @OLD_SQL_NOTES=@@SQL_NOTES, SQL_NOTES=0 */;

--
-- Table structure for table `answer`
--

DROP TABLE IF EXISTS `answer`;
CREATE TABLE `answer` (
  `ANSWER_ID` int(11) NOT NULL auto_increment,
  `ANSWER_TYPE` varchar(255) NOT NULL,
  `QUESTION_ID` int(11) NOT NULL,
  `ANSWER_NAME` varchar(255) default NULL,
  `ANSWER_RIGHT` bit(1) default NULL,
  PRIMARY KEY  (`ANSWER_ID`),
  KEY `FK735D33BE29E35366` (`QUESTION_ID`),
  KEY `FK735D33BE655621DA` (`QUESTION_ID`),
  CONSTRAINT `FK735D33BE29E35366` FOREIGN KEY (`QUESTION_ID`) REFERENCES `question` (`QUESTION_ID`),
  CONSTRAINT `FK735D33BE655621DA` FOREIGN KEY (`QUESTION_ID`) REFERENCES `question` (`QUESTION_ID`)
) ENGINE=InnoDB DEFAULT CHARSET=utf8;

--
-- Dumping data for table `answer`
--


/*!40000 ALTER TABLE `answer` DISABLE KEYS */;
LOCK TABLES `answer` WRITE;
INSERT INTO `answer` VALUES (1,'CLOSED',27,'Предложенное логическое выражение некорректно.','\0'),(2,'CLOSED',27,'Истина (1).','\0'),(3,'CLOSED',27,'Ложь (0).','\0'),(4,'CLOSED',28,'Предложенное логическое выражение некорректно.','\0'),(5,'CLOSED',28,'Ложь (0).','\0'),(6,'CLOSED',28,'Истина (1).','\0'),(7,'CLOSED',29,'Ложь (0).','\0'),(8,'CLOSED',29,'Предложенное логическое выражение некорректно.','\0'),(9,'CLOSED',29,'Истина (1).','\0'),(10,'CLOSED',30,'Истина (1).','\0'),(11,'CLOSED',30,'Ложь (0).','\0'),(12,'CLOSED',30,'Предложенное логическое выражение некорректно.','\0'),(13,'CLOSED',31,'Предложенное логическое выражение некорректно.','\0'),(14,'CLOSED',31,'Истина (1).','\0'),(15,'CLOSED',31,'Ложь (0).','\0'),(16,'CLOSED',32,'Истина (1).','\0'),(17,'CLOSED',32,'Ложь (0).','\0'),(18,'CLOSED',32,'Предложенное логическое выражение некорректно.','\0'),(19,'CLOSED',33,'1','\0'),(20,'CLOSED',33,'8','\0'),(21,'CLOSED',33,'32','\0'),(22,'CLOSED',33,'64','\0'),(23,'CLOSED',34,'печать документа','\0'),(24,'CLOSED',34,'редактирование документа','\0'),(25,'CLOSED',34,'перекодировка символов','\0'),(26,'CLOSED',34,'форматирование документа','\0'),(27,'CLOSED',35,'16 бит','\0'),(28,'CLOSED',35,'4 бита','\0'),(29,'CLOSED',35,'1 байт','\0'),(30,'CLOSED',35,'1 бит','\0'),(31,'CLOSED',36,'10000 байт','\0'),(32,'CLOSED',36,'10 Кбайт','\0'),(33,'CLOSED',36,'1000 бит','\0'),(34,'CLOSED',36,'10000 бит','\0'),(35,'CLOSED',37,'3000','\0'),(36,'CLOSED',37,'24567','\0'),(37,'CLOSED',37,'3072','\0'),(38,'CLOSED',37,'24000','\0'),(39,'CLOSED',38,'Двоичная система счисления является непозиционной.','\0'),(40,'CLOSED',38,'В слове ОПТИКА 6 бит.','\0'),(41,'CLOSED',38,'1 байт иногда не равен 8 бит.','\0'),(42,'CLOSED',38,'Троичной системы счисления не существует.','\0'),(43,'CLOSED',45,'векторной графики','\0'),(44,'CLOSED',45,'растровой графики','\0'),(45,'CLOSED',46,'синий','\0'),(46,'CLOSED',46,'зеленый','\0'),(47,'CLOSED',46,'красный','\0'),(48,'CLOSED',46,'черный','\0'),(49,'CLOSED',47,'мм, см','\0'),(50,'CLOSED',47,'точках на дюйм (dpi)','\0'),(51,'CLOSED',47,'мм, см, дюймах или пикселах','\0'),(52,'CLOSED',47,'пикселах','\0'),(53,'CLOSED',48,'создания чертежей','\0'),(54,'CLOSED',48,'построения графиков','\0'),(55,'CLOSED',48,'построения диаграмм','\0'),(56,'CLOSED',48,'создания и редактирования рисунков','\0'),(57,'CLOSED',49,'голубой, пурпурный, желтый, белый','\0'),(58,'CLOSED',49,'красный, зеленый, синий, черный','\0'),(59,'CLOSED',49,'красный, голубой, желтый, синий','\0'),(60,'CLOSED',49,'голубой, пурпурный, желтый, черный','\0'),(61,'CLOSED',50,'пурпурный, желтый, черный','\0'),(62,'CLOSED',50,'красный, голубой, желтый','\0'),(63,'CLOSED',50,'голубой, пурпурный, желтый','\0'),(64,'CLOSED',50,'красный, зеленый, синий','\0'),(65,'CLOSED',51,'мм, см, дюймах','\0'),(66,'CLOSED',51,'точках на дюйм (dpi)','\0'),(67,'CLOSED',51,'пикселах','\0'),(68,'CLOSED',55,'С – язык программирования низкого уровня, а С++ – язык программирования высокого уровня.','\0'),(69,'CLOSED',55,'С++ – язык программирования высокого уровня.','\0'),(70,'CLOSED',55,'С++ – язык программирования низкого уровня.','\0'),(71,'CLOSED',56,'Компилятор – средство для построения исполняемой программы из одного или нескольких файлов на внутреннем языке.','\0'),(72,'CLOSED',56,'Компилятор и линкер – разные названия одного и того же.','\0'),(73,'CLOSED',56,'Линкер – средство для построения исполняемой программы из одного или нескольких файлов на внутреннем языке.','\0'),(80,'CLOSED',98,'Обязательным атрибутом',''),(81,'CLOSED',98,'Необязательным атрибутом','\0'),(82,'CLOSED',99,'Необязательным атрибутом',''),(83,'CLOSED',99,'Обязательным атрибутом','\0'),(84,'CLOSED',106,'тестовое задание',''),(85,'CLOSED',106,'графический файл','\0'),(86,'CLOSED',106,'анимированный кадр','\0'),(87,'CLOSED',106,'информационный кадр',''),(88,'CLOSED',108,'U','\0'),(89,'CLOSED',108,'Q','\0'),(90,'CLOSED',108,'R','\0'),(91,'CLOSED',108,'S',''),(92,'CLOSED',108,'L','\0'),(93,'CLOSED',108,'G','\0'),(94,'CLOSED',110,'[ ]','\0'),(95,'CLOSED',110,'\' \'','\0'),(96,'CLOSED',110,'{ }','\0'),(97,'CLOSED',110,'\" \"','\0'),(98,'CLOSED',110,'< >',''),(126,'CLOSED',120,'условные вероятности появления символов равны априорным вероятностям появления символов',''),(127,'CLOSED',120,'условные вероятности появления символов суммируются','\0'),(128,'CLOSED',120,'условные вероятности появления символов равны нулю','\0'),(129,'CLOSED',121,'функция векторного аргумента','\0'),(130,'CLOSED',121,'отображение множества функций на числовую ось',''),(131,'CLOSED',121,'набор функций заданного класса','\0'),(132,'CLOSED',122,'корректирующие коды',''),(133,'CLOSED',122,'статистические коды','\0'),(134,'CLOSED',122,'каналы передачи сообщений','\0'),(135,'CLOSED',123,'все символы источника появляются независимо и с одинаковой вероятностью',''),(136,'CLOSED',123,'символы являются взаимосвязанными ','\0'),(137,'CLOSED',123,'используется максимальное количество символов','\0'),(138,'CLOSED',124,'сумме количества информации в сообщениях',''),(139,'CLOSED',124,'логарифму количества сообщений','\0'),(140,'CLOSED',124,'произведению количества информации в сообщениях','\0'),(141,'CLOSED',125,'процесс, не зависящий от предыдущих значений','\0'),(142,'CLOSED',125,'ансамбль реализаций с заданными статистическим свойствами',''),(143,'CLOSED',125,'изменяющуюся случайную функцию времени','\0'),(144,'CLOSED',126,'конечной последовательностью отдельных символов',''),(145,'CLOSED',126,'заданным по уровню значением величины','\0'),(146,'CLOSED',126,'сигналом, переданным в дискретный момент времени','\0'),(150,'CLOSED',128,'m*n','\0'),(151,'CLOSED',128,'m в степени n',''),(152,'CLOSED',128,'log A+log mn','\0'),(153,'CLOSED',129,'большее количество информации',''),(154,'CLOSED',129,'меньшее количество информации','\0'),(155,'CLOSED',129,'не зависящие друг от друга символы','\0'),(156,'CLOSED',130,'сужается в k раз',''),(157,'CLOSED',130,'не изменяется по сравнению со спектром исходного сигнала','\0'),(158,'CLOSED',130,'расширяется в k раз','\0'),(159,'CLOSED',131,'действительная функция','\0'),(160,'CLOSED',131,'комплексная функция','\0'),(161,'CLOSED',131,'мнимая функция',''),(162,'CLOSED',132,'характеризуют преобразование детерминированных сигналов в информационной системе','\0'),(163,'CLOSED',132,'определяются распределением вероятности случайной величины','\0'),(164,'CLOSED',132,'связаны преобразованием Фурье',''),(165,'CLOSED',133,'действительный','\0'),(166,'CLOSED',133,'мнимый',''),(167,'CLOSED',133,'комплексный','\0'),(168,'CLOSED',134,'разность вероятностей появления кодовых комбинаций','\0'),(169,'CLOSED',134,'разность количества символов в кодовых комбинациях','\0'),(170,'CLOSED',134,'результат сложения по модулю одноименных разрядов кодовых комбинаций',''),(171,'CLOSED',135,'задано расстояние между векторами',''),(172,'CLOSED',135,'векторы линейно независимы','\0'),(173,'CLOSED',135,'введена единица измерения длины вектора','\0'),(174,'CLOSED',136,'осуществляют перебор кодовых комбинаций и находят ошибочную комбинацию, которая отбрасывается','\0'),(175,'CLOSED',136,'обнаружив ошибку, вычисляют расстояние от полученной запрещённой комбинации до всех разрешённых комбинаций и заменяют полученную комбинацию на разрешенную с минимальным расстоянием',''),(176,'CLOSED',136,'заменяют запрещенную комбинацию на разрешенную, встречающуюся с наибольшей вероятностью ','\0'),(177,'CLOSED',137,'импульсным откликом',''),(178,'CLOSED',137,'пропорциональным изменением выходного сигнала по отношению к входному','\0'),(179,'CLOSED',137,'линейной частотной характеристикой','\0'),(180,'CLOSED',138,'квадрата исходного сигнала',''),(181,'CLOSED',138,'исходного сигнала','\0'),(182,'CLOSED',138,'квадрата исходного сигнала, умноженную на единицу времени','\0'),(183,'CLOSED',139,'квадрата исходного сигнала, умноженную на единицу времени',''),(184,'CLOSED',139,'квадрата исходного сигнала','\0'),(185,'CLOSED',139,'частоты сигнала','\0'),(186,'CLOSED',140,'нечетная функция','\0'),(187,'CLOSED',140,'четная функция',''),(188,'CLOSED',140,'комплексная функция','\0'),(189,'CLOSED',141,'значения аргумента в разложении сигнала в ряд Фурье','\0'),(190,'CLOSED',141,'плотность вероятности значений фазы информационного сигнала','\0'),(191,'CLOSED',141,'зависимость от частоты начальной фазы в спектре непериодического сигнала',''),(192,'CLOSED',142,'порождает случайные функции со статистическими характеристиками, зависящими от времени','\0'),(193,'CLOSED',142,'является нестационарным случайным процессом','\0'),(194,'CLOSED',142,'содержит случайные функции, каждая из которых характеризует весь ансамбль реализаций',''),(195,'CLOSED',143,'сумме спектров','\0'),(196,'CLOSED',143,'свертке спектров','\0'),(197,'CLOSED',143,'произведению спектров',''),(198,'CLOSED',144,'преобразование Фурье в ограниченном диапазоне частот','\0'),(199,'CLOSED',144,'преобразование Фурье в конечных пределах',''),(200,'CLOSED',144,'преобразование сигнала, ограниченного по величине','\0'),(201,'CLOSED',145,'формирование кодового слова','\0'),(202,'CLOSED',145,'выбор дискретного значения непрерывной функции','\0'),(203,'CLOSED',145,'взятие отсчетов непрерывной функции',''),(204,'CLOSED',146,'взятие отсчетов непрерывной функции в дискретные моменты времени','\0'),(205,'CLOSED',146,'установление дискретного значения непрерывной функции',''),(206,'CLOSED',146,'формирование кодового слова','\0'),(207,'CLOSED',147,'свертки с преобразованием Фурье от апертурной функции элемента дискретизации','\0'),(208,'CLOSED',147,'формирования дискретного спектра сигнала ограниченной протяженности','\0'),(209,'CLOSED',147,'произведения со спектром апертурной функции элемента дискретизации',''),(210,'CLOSED',148,'соотношение амплитуд сигнала-переносчика и информационного сигнала',''),(211,'CLOSED',148,'амплитуду сигнала-переносчика','\0'),(212,'CLOSED',148,'амплитуду информационного сигнала','\0'),(213,'CLOSED',149,'сверткой спектров сигнала-переносчика и информационного сигнала',''),(214,'CLOSED',149,'не зависит от спектра сигнала-переносчика','\0'),(215,'CLOSED',149,'произведением спектров сигнала-переносчика и информационного сигнала','\0'),(216,'CLOSED',150,'метод дискретной модуляции',''),(217,'CLOSED',150,'метод цифровой модуляции','\0'),(218,'CLOSED',150,'формирование сигнала-переносчика в виде дискретной последовательности импульсов','\0'),(219,'CLOSED',151,'значения параметра закодированы и передаются в цифровой форме ',''),(220,'CLOSED',151,'информационный параметр может принимать счётное число значений','\0'),(221,'CLOSED',151,'сигнал-переносчик является дискретной последовательностью импульсов','\0'),(222,'CLOSED',152,'плотность вероятности значений амплитуды информационного сигнала','\0'),(223,'CLOSED',152,'преобразование Фурье корреляционной функции','\0'),(224,'CLOSED',152,'модуль преобразования Фурье информационного сигнала',''),(225,'CLOSED',153,'избыточные кодовые комбинации',''),(226,'CLOSED',153,'кодовые комбинации, вероятность которых равна нулю','\0'),(227,'CLOSED',153,'кодовые комбинации, которые запрещается передавать в данном коде','\0'),(228,'CLOSED',154,'неизменно число различных символов в сообщении','\0'),(229,'CLOSED',154,'все кодовые комбинации содержат одинаковое число символов',''),(230,'CLOSED',154,'вероятности появления символов равны','\0'),(231,'CLOSED',155,'определяется фазовым спектром информационного сигнала','\0'),(232,'CLOSED',155,'подобен спектру амплитудно-модулированного сигнала при малых индексах модуляции',''),(233,'CLOSED',155,'является равномерным в полосе частот информационного сигнала','\0'),(234,'CLOSED',156,'определяется сверткой спектров сигнала-переносчика и информационного сигнала',''),(235,'CLOSED',156,'представляет собой последовательный набор периодически повторяющихся спектров информационного сигнала','\0'),(236,'CLOSED',156,'зависит от формы импульсов сигнала-переносчика','\0'),(237,'CLOSED',157,'резонансный контур с расстройкой относительно несущей частоты',''),(238,'CLOSED',157,'фильтр, настраиваемый на несущую частоту','\0'),(239,'CLOSED',157,'набор колебательных контуров, настроенных на различные частоты','\0'),(240,'CLOSED',158,'мгновенными значениями частоты информационного сигнала','\0'),(241,'CLOSED',158,'интегральным значением частоты информационного сигнала',''),(242,'CLOSED',158,'производной от частоты информационного сигнала','\0'),(243,'CLOSED',159,'присвоения дискретных значений по уровню для непрерывного сигнала','\0'),(244,'CLOSED',159,'умножения сигнала на апертурную функцию элемента дискретизации','\0'),(245,'CLOSED',159,'свертки сигнала с апертурной функцией элемента дискретизации',''),(246,'CLOSED',160,'для выполнения дискретизации без искажений необходимо и достаточно, чтобы частота дискретизации по крайней мере вдвое превышала максимальную частоту в спектре сигнала',''),(247,'CLOSED',160,'непрерывный сигнал восстанавливается однозначно по дискретным отсчетам, если частота дискретизации по крайней мере вдвое превышала максимальную частоту в спектре сигнала','\0'),(248,'CLOSED',160,'при дискретизации без искажений необходимо и достаточно, чтобы максимальная частота в спектре сигнала по крайней мере вдвое превышала ширину диапазона частот преобразования Фурье импульсного отклика линейной системы','\0'),(249,'CLOSED',161,'все кодовые комбинации содержат одинаковое число символов',''),(250,'CLOSED',161,'неизменно число различных символов в сообщении','\0'),(251,'CLOSED',161,'вероятности появления символов равны','\0'),(252,'CLOSED',162,'имеет основание более двух',''),(253,'CLOSED',162,'содержит набор из нескольких двоичных символов','\0'),(254,'CLOSED',162,'показывает, какую кодовую комбинацию присваивают каждому элементу сообщения','\0'),(255,'CLOSED',163,'число различных символов в сообщении','\0'),(256,'CLOSED',163,'последовательность кодовых символов, соответствующих одному элементу (символу) дискретного сообщения',''),(257,'CLOSED',163,'полная совокупность условных символов, которую применяют для кодирования сообщений','\0'),(258,'CLOSED',164,'дискретные отсчеты сигнала преобразуют в кодовые слова','\0'),(259,'CLOSED',164,'значения амплитуды импульсов сигнала-переносчика определяются значениями информационного сигнала',''),(260,'CLOSED',164,'кодируют положение импульса в пределах кодового слова','\0'),(261,'CLOSED',165,'дискретные отсчеты сигнала преобразуют в кодовые слова',''),(262,'CLOSED',165,'кодируют положение импульса в пределах кодового слова','\0'),(263,'CLOSED',165,'значения амплитуды импульсов сигнала-переносчика определяются значениями информационного сигнала','\0'),(264,'CLOSED',166,'фаза информационного сигнала определяет амплитуду импульсов сигнала-переносчика','\0'),(265,'CLOSED',166,'скважность импульсов определяется значениями фазы информационного сигнала','\0'),(266,'CLOSED',166,'кодируют положение импульса в пределах кодового слова',''),(267,'CLOSED',167,'величина, обратная длительности импульсов','\0'),(268,'CLOSED',167,'величина, обратная разности периода и длительносьти импульсов','\0'),(269,'CLOSED',167,'отношение периода следования к длительности импульса',''),(270,'CLOSED',168,'случайную функцию независимой переменной','\0'),(271,'CLOSED',168,'набор значений (случайную переменную) в сечении случайного процесса',''),(272,'CLOSED',168,'набор последовательных значений случайной (выборочной) функции','\0'),(273,'CLOSED',169,'является выборочной функцией случайного процесса',''),(274,'CLOSED',169,'изменяется во времени случайным образом','\0'),(275,'CLOSED',169,'в каждый момент времени не зависит от предыдущих значений','\0'),(276,'CLOSED',170,'информационные характеристики сообщений','\0'),(277,'CLOSED',170,'зависимости сигналов от времени','\0'),(278,'CLOSED',170,'основные соотношения в теории множеств',''),(279,'CLOSED',171,'объединение множеств',''),(280,'CLOSED',171,'пересечение множеств','\0'),(281,'CLOSED',171,'дополнение множеств','\0'),(282,'CLOSED',172,'пересечение множеств',''),(283,'CLOSED',172,'дополнение множеств','\0'),(284,'CLOSED',172,'объединение множеств','\0'),(285,'CLOSED',173,'не имеет преимуществ','\0'),(286,'CLOSED',173,'имеет преимущество по ширине полосы частот передаваемого сигнала',''),(287,'CLOSED',173,'имеет преимущество по средней мощности передаваемого сигнала','\0'),(288,'CLOSED',174,'в величине отношения сигнал-шум','\0'),(289,'CLOSED',174,'по ширине полосы частот передаваемого сигнала','\0'),(290,'CLOSED',174,'по средней мощности передаваемого сигнала',''),(291,'CLOSED',175,'исходного сигнала, умноженную на единицу времени',''),(292,'CLOSED',175,'исходного сигнала','\0'),(293,'CLOSED',175,'квадрата исходного сигнала','\0'),(294,'CLOSED',176,'полная совокупность условных символов, которую применяют для кодирования сообщений','\0'),(295,'CLOSED',176,'количество кодовых символов в дискретном сообщении','\0'),(296,'CLOSED',176,'число различных символов в сообщении',''),(297,'CLOSED',177,'к увеличению количества передаваемой информации','\0'),(298,'CLOSED',177,'к повышению энтропии источника','\0'),(299,'CLOSED',177,'к уменьшению энтропии и увеличению избыточности источника',''),(300,'CLOSED',178,'повышения помехоустойчивости передачи информации','\0'),(301,'CLOSED',178,'обнаружения и исправления ошибок','\0'),(302,'CLOSED',178,'повышения скорости передачи информации и приближения её к пропускной способности канала',''),(303,'CLOSED',179,'повышения скорости передачи информации и приближения её к пропускной способности канала','\0'),(304,'CLOSED',179,'повышение верности передачи информации путём обнаружения и исправления ошибок',''),(305,'CLOSED',179,'сжатия передаваемой информации','\0'),(306,'CLOSED',180,'полная совокупность условных символов, которую применяют для кодирования сообщений',''),(307,'CLOSED',180,'последовательность кодовых символов, соответствующих одному элементу (символу) дискретного сообщения','\0'),(308,'CLOSED',180,'число различных символов в сообщении','\0'),(309,'CLOSED',181,'больше информации',''),(310,'CLOSED',181,'менее коррелированные символы','\0'),(311,'CLOSED',181,'меньше информации','\0'),(312,'CLOSED',182,'произведение длительности кодового слова на ширину полосы частот','\0'),(313,'CLOSED',182,'максимальная частота передачи кодовых слов','\0'),(314,'CLOSED',182,'произведение скорости передачи элементарных кодовых сигналов и энтропии кодера',''),(315,'CLOSED',183,'минимизации полной вероятности ошибки','\0'),(316,'CLOSED',183,'снижении априорной вероятности ошибки и условного среднего риска','\0'),(317,'CLOSED',183,'суммой вероятностей ошибок с учётом потерь и априорной вероятности передачи сигналов',''),(318,'CLOSED',184,'принятии решения по значениям параметров сигнала, какой из возможных сигналов принят','\0'),(319,'CLOSED',184,'определении мгновенных значений параметров сигнала','\0'),(320,'CLOSED',184,'определении значений параметров, которые считаются постоянными в течениие некоторого интервала',''),(321,'CLOSED',185,'обработке и прогнозировании значений параметров сигнала','\0'),(322,'CLOSED',185,'определении мгновенных значений параметров сигнала',''),(323,'CLOSED',185,'определении значений параметров, которые считаются постоянными в течениие некоторого интервала','\0'),(324,'CLOSED',186,'значения параметра закодированы и передаются в цифровой форме','\0'),(325,'CLOSED',186,'информационный параметр может принимать счётное число значений','\0'),(326,'CLOSED',186,'сигнал-переносчик является дискретной последовательностью импульсов',''),(327,'CLOSED',187,'полная совокупность условных символов, которую применяют для кодирования сообщений','\0'),(328,'CLOSED',187,'число различных символов в сообщении','\0'),(329,'CLOSED',187,'последовательность кодовых символов, соответствующих одному элементу (символу) дискретного сообщения',''),(330,'CLOSED',188,'вероятности совместного появления символов','\0'),(331,'CLOSED',188,'сумме значений энтропии каждого символа','\0'),(332,'CLOSED',188,'сумме энтропии источника сообщений и условной энтропии источника',''),(333,'CLOSED',189,'энтропии источника сообщений',''),(334,'CLOSED',189,'логарифму от количества символов','\0'),(335,'CLOSED',189,'величине, обратной количеству символов','\0'),(336,'CLOSED',190,'снижении априорной вероятности ошибки и условного среднего риска','\0'),(337,'CLOSED',190,'минимизации полной вероятности появления ошибки без учета потерь',''),(338,'CLOSED',190,'минимизации вероятностей ошибок с учётом потерь и априорной вероятности передачи сигналов','\0'),(339,'CLOSED',191,'равенство априорных вероятностей передачи сигналов',''),(340,'CLOSED',191,'минимизацию ошибок второго рода','\0'),(341,'CLOSED',191,'снижение априорной вероятности ошибки и условного среднего риска','\0'),(342,'CLOSED',192,'избыточностью кода','\0'),(343,'CLOSED',192,'вероятностью ошибок передачи информации при заданной ширине полосы частот','\0'),(344,'CLOSED',192,'скоростью передачи сигналов и основанием кода',''),(345,'CLOSED',193,'увеличения значности кода и избыточности кода','\0'),(346,'CLOSED',193,'некоррелированности сообщений','\0'),(347,'CLOSED',193,'увеличения средней длины кодовой комбинации и избыточности кода',''),(348,'CLOSED',194,'энтропией источника, основанием кода и вероятностью появления ошибки в канале при передаче одного кодового сигнала','\0'),(349,'CLOSED',194,'производительностью источника сообщений и пропускной способностью канала','\0'),(350,'CLOSED',194,'произведением скорости передачи элементарных кодовых сигналов и энтропии кодера',''),(351,'CLOSED',195,'для выполнения дискретизации без искажений необходимо и достаточно, чтобы частота дискретизации по крайней мере вдвое превышала максимальную частоту в спектре сигнала','\0'),(352,'CLOSED',195,'непрерывный сигнал восстанавливается однозначно по дискретным отсчетам, если частота дискретизации по крайней мере вдвое превышала максимальную частоту в спектре сигнала',''),(353,'CLOSED',195,'при дискретизации без искажений необходимо и достаточно, чтобы максимальная частота в спектре сигнала по крайней мере вдвое превышала ширину диапазона частот преобразования Фурье импульсного отклика линейной системы','\0'),(354,'CLOSED',196,'принятии решения о наличии (отсутствии) принятого сигнала',''),(355,'CLOSED',196,'принятии решения, какой из возможных сигналов принят','\0'),(356,'CLOSED',196,'определении мгновенного значения сигнала','\0'),(357,'CLOSED',197,'принятии решения о наличии (отсутствии) принятого сигнала на фоне помех','\0'),(358,'CLOSED',197,'принятии решения, какой из возможных сигналов принят',''),(359,'CLOSED',197,'определении одного из возможных мгновенных значений сигнала','\0'),(360,'CLOSED',198,'минимизацию полной вероятности появления ошибки без учета потерь','\0'),(361,'CLOSED',198,'уменьшение вероятности пропуска информационного сигнала',''),(362,'CLOSED',198,'минимизацию ошибок первого рода','\0'),(363,'CLOSED',199,'частным случаем критерия Неймана-Пирсона ','\0'),(364,'CLOSED',199,'частным случаем критерия идеального наблюдателя при равенстве априорных вероятностей сигналов',''),(365,'CLOSED',199,'частным случаем критерия суммы условных вероятностей ошибок без учета потерь','\0'),(366,'CLOSED',200,'сравнении с линейно нарастающим сигналом и кодировании разности кодовыми словами','\0'),(367,'CLOSED',200,'сравнении с линейно нарастающим сигналом и формировании импульса двоичной последовательности в каждой точке сравнения',''),(368,'CLOSED',200,'кодировании приращений сигнала в соседних точках двоичными кодовыми словами','\0'),(369,'CLOSED',201,'в форме операции свертки с сигналом',''),(370,'CLOSED',201,'в форме произведения сигнала и апертурной функции элемента дискретизации','\0'),(371,'CLOSED',201,'в уменьшении допустимого значения частоты дискретизации','\0'),(372,'CLOSED',202,'количество сообщений, передаваемых в единицу времени','\0'),(373,'CLOSED',202,'среднее количество информации, выдаваемой источником в единицу времени',''),(374,'CLOSED',202,'количество кодовых сигналов, передаваемых в единицу времени','\0'),(375,'CLOSED',203,'источник информации содержит некоррелированные символы','\0'),(376,'CLOSED',203,'вероятность ошибок передачи информации равна нулю','\0'),(377,'CLOSED',203,'производительность источника сообщений меньше пропускной способности канала',''),(378,'CLOSED',204,'нелинейный фильтр','\0'),(379,'CLOSED',204,'линейный фильтр',''),(380,'CLOSED',204,'фильтр с импульсным откликом гауссовой формы','\0'),(381,'CLOSED',205,'нелинейный фильтр',''),(382,'CLOSED',205,'фильтр фильтр с импульсным откликом гауссовой формы','\0'),(383,'CLOSED',205,'линейный фильтр','\0');
UNLOCK TABLES;
/*!40000 ALTER TABLE `answer` ENABLE KEYS */;

--
-- Table structure for table `block`
--

DROP TABLE IF EXISTS `block`;
CREATE TABLE `block` (
  `BLOCK_ID` int(11) NOT NULL auto_increment,
  `blockName` varchar(255) default NULL,
  `description` varchar(255) default NULL,
  `SUBJECT_ID` int(11) NOT NULL,
  PRIMARY KEY  (`BLOCK_ID`),
  KEY `FK3C5CC6D8AE7945A` (`SUBJECT_ID`),
  CONSTRAINT `FK3C5CC6D8AE7945A` FOREIGN KEY (`SUBJECT_ID`) REFERENCES `subject` (`SUBJECT_ID`)
) ENGINE=InnoDB DEFAULT CHARSET=utf8;

--
-- Dumping data for table `block`
--


/*!40000 ALTER TABLE `block` DISABLE KEYS */;
LOCK TABLES `block` WRITE;
INSERT INTO `block` VALUES (1,'Блок 1','Системы счисления',1),(2,'Блок 2','Элементы логики',1),(3,'Блок 3','Основные сведения об устройстве ЭВМ и представлении информации',1),(4,'Блок 4','Основные понятия компьютерной графики',1),(5,'Блок 5','Некорректно сформулированные вопросы.',1),(6,'Блок 6','Алгоритмизация. Элементы программирования',1),(7,'Блок 7','Интеллектуальные вопросы',1),(8,'Система ДО','Тест',2),(9,'Блок 1','',3);
UNLOCK TABLES;
/*!40000 ALTER TABLE `block` ENABLE KEYS */;

--
-- Table structure for table `part`
--

DROP TABLE IF EXISTS `part`;
CREATE TABLE `part` (
  `PART_ID` int(11) NOT NULL auto_increment,
  `partName` varchar(255) default NULL,
  `description` varchar(255) default NULL,
  `BLOCK_ID` int(11) NOT NULL,
  PRIMARY KEY  (`PART_ID`),
  KEY `FK255BF3EF5354BA` (`BLOCK_ID`),
  CONSTRAINT `FK255BF3EF5354BA` FOREIGN KEY (`BLOCK_ID`) REFERENCES `block` (`BLOCK_ID`)
) ENGINE=InnoDB DEFAULT CHARSET=utf8;

--
-- Dumping data for table `part`
--


/*!40000 ALTER TABLE `part` DISABLE KEYS */;
LOCK TABLES `part` WRITE;
INSERT INTO `part` VALUES (1,'Часть 1','Вопросы без вариантов ответа',1),(2,'Часть 1','Вопросы без вариантов ответов',2),(3,'Часть 2','Вопросы с вариантами ответа',2),(4,'Часть 1','Вопросы с вариантами ответа',3),(5,'Часть 2','Вопросы без вариантов ответа',3),(6,'Часть 1','Вопросы с вариантами ответа',4),(7,'Часть 1','Вопросы без вариантов ответа',5),(8,'Часть 1','Вопросы с вариантами ответа',6),(9,'Часть 2','Вопросы без вариантов ответа',6),(10,'Часть 1','Математические вопросы',7),(11,'Часть 2','Вопросы на мышление',7),(12,'Вопросы 1','Вопросы',8),(13,'Часть 1','',9),(14,'Часть 2','',9),(15,'Часть 3','',9),(16,'Часть 4','',9),(17,'Часть 5','',9),(18,'Часть 6','',9),(19,'Часть 7','',9),(20,'Часть 8','',9),(21,'Часть 9','',9),(22,'Часть 10','',9);
UNLOCK TABLES;
/*!40000 ALTER TABLE `part` ENABLE KEYS */;

--
-- Table structure for table `question`
--

DROP TABLE IF EXISTS `question`;
CREATE TABLE `question` (
  `QUESTION_ID` int(11) NOT NULL auto_increment,
  `QUESTION_TYPE` varchar(255) NOT NULL,
  `NAME` varchar(255) default NULL,
  `TEXT` varchar(255) default NULL,
  `WEIGHT` int(11) default NULL,
  `TIME` int(11) default NULL,
  `QUESTION_GROUP_ID` int(11) NOT NULL,
  `ANSWER` varchar(255) default NULL,
  PRIMARY KEY  (`QUESTION_ID`),
  KEY `FKE9282BE6CD9EE36D` (`QUESTION_GROUP_ID`),
  CONSTRAINT `FKE9282BE6CD9EE36D` FOREIGN KEY (`QUESTION_GROUP_ID`) REFERENCES `question_group` (`QUESTION_GROUP_ID`)
) ENGINE=InnoDB DEFAULT CHARSET=utf8;

--
-- Dumping data for table `question`
--


/*!40000 ALTER TABLE `question` DISABLE KEYS */;
LOCK TABLES `question` WRITE;
INSERT INTO `question` VALUES (1,'OPEN','Вопрос 1','Переведите десятичное число 89 в двоичную систему счисления.',0,180,1,''),(2,'OPEN','Вопрос 1','Переведите десятичное число 89 в восьмеричную систему счисления.',0,180,1,''),(3,'OPEN','Вопрос 1','Переведите десятичное число 89 в шестнадцатеричную систему счисления.',0,180,1,''),(4,'OPEN','Вопрос 1','Переведите десятичное число 102 в двоичную систему счисления.',0,180,1,''),(5,'OPEN','Вопрос 1','Переведите десятичное число 102 в восьмеричную систему счисления.',0,180,1,''),(6,'OPEN','Вопрос 1','Переведите десятичное число 102 шестнадцатеричную систему счисления.',0,180,1,''),(7,'OPEN','Вопрос 1','Переведите десятичное число 57 двоичную систему счисления.',0,180,1,''),(8,'OPEN','Вопрос 1','Переведите десятичное число 57 в восьмеричную систему счисления.',0,180,1,''),(9,'OPEN','Вопрос 1','Переведите десятичное число 57 в шестнадцатеричную систему счисления.',0,180,1,''),(10,'OPEN','Вопрос 1','Переведите десятичное число 92 в двоичную систему счисления.',0,180,1,''),(11,'OPEN','Вопрос 1','Переведите десятичное число 92 в восьмеричную систему счисления.',0,180,1,''),(12,'OPEN','Вопрос 1','Переведите десятичное число 92 в шестнадцатеричную систему счисления.',0,180,1,''),(13,'OPEN','Вопрос 1','Переведите десятичное число 58 в двоичную систему счисления.',0,180,1,''),(14,'OPEN','Вопрос 1','Переведите десятичное число 58 в восьмеричную систему счисления.',0,180,1,''),(15,'OPEN','Вопрос 1','Переведите десятичное число 58 в шестнадцатеричную систему счисления.',0,180,1,''),(16,'OPEN','Вопрос 1','Переведите десятичное число 91 в двоичную систему счисления.',0,180,1,''),(17,'OPEN','Вопрос 1','Переведите десятичное число 91 в восьмеричную систему счисления.',0,180,1,''),(18,'OPEN','Вопрос 1','Переведите десятичное число 91 в шестнадцатеричную систему счисления.',0,180,1,''),(19,'OPEN','Вопрос 1','Переведите десятичное число 257 в двоичную систему счисления.',0,180,1,''),(20,'OPEN','Вопрос 1','Переведите десятичное число 257 в восьмеричную систему счисления.',0,180,1,''),(21,'OPEN','Вопрос 2','Высказывания А, В и С истинны для точек, принадлежащих кругу, треугольнику или прямоугольнику соответственно. Приведите логическую формулу, которая истинная для выделенной области, и только для нее.<br><img src=\"1.BMP\" align=middle><br>',0,180,2,''),(22,'OPEN','Вопрос 2','Высказывания А, В и С истинны для точек, принадлежащих кругу, треугольнику или прямоугольнику соответственно. Приведите логическую формулу, которая истинная для выделенной области, и только для нее.<br><img src=\"2.BMP\" align=middle><br>',0,180,2,''),(23,'OPEN','Вопрос 2','Высказывания А, В и С истинны для точек, принадлежащих кругу, треугольнику или прямоугольнику соответственно. Приведите логическую формулу, которая истинная для выделенной области, и только для нее.<br><img src=\"3.BMP\" align=middle><br>',0,180,2,''),(24,'OPEN','Вопрос 2','Высказывания А, В и С истинны для точек, принадлежащих кругу, треугольнику или прямоугольнику соответственно. Приведите логическую формулу, которая истинная для выделенной области, и только для нее.<br><img src=\"4.BMP\" align=middle><br>',0,180,2,''),(25,'OPEN','Вопрос 2','Высказывания А, В и С истинны для точек, принадлежащих кругу, треугольнику или прямоугольнику соответственно. Приведите логическую формулу, которая истинная для выделенной области, и только для нее.<br><img src=\"5.BMP\" align=middle><br>',0,180,2,''),(26,'OPEN','Вопрос 2','Высказывания А, В и С истинны для точек, принадлежащих кругу, треугольнику или прямоугольнику соответственно. Приведите логическую формулу, которая истинная для выделенной области, и только для нее.<br><img src=\"6.BMP\" align=middle><br>',0,180,2,''),(27,'CLOSED','Вопрос 3','Выберите результат выполнения логического выражения НЕ ( 1 И 1 ИЛИ 0 ) И 0.',0,180,3,NULL),(28,'CLOSED','Вопрос 3','Выберите результат выполнения логического выражения 0 ИЛИ ( 1 ИЛИ 0 ) И НЕ 0.',0,180,3,NULL),(29,'CLOSED','Вопрос 3','Выберите результат выполнения логического выражения НЕ ( НЕ 1 И 0 ) ИЛИ 1.',0,180,3,NULL),(30,'CLOSED','Вопрос 3','Выберите результат выполнения логического выражения НЕ ( НЕ 0 ) ИЛИ ( НЕ 0).',0,180,3,NULL),(31,'CLOSED','Вопрос 3','Выберите результат выполнения логического выражения НЕ 1 И 1 ИЛИ 0 И 0.',0,180,3,NULL),(32,'CLOSED','Вопрос 3','Выберите результат выполнения логического выражения НЕ ( НЕ ( 1 И 1 ИЛИ 0 ) ).',0,180,3,NULL),(33,'CLOSED','Вопрос 4','Сколько бит в слове ФОТОНИКА?',0,60,4,NULL),(34,'CLOSED','Вопрос 4','В процессе преобразования текстового файла из кодировки MS-DOS в кодировку Windows происходит ...',0,60,4,NULL),(35,'CLOSED','Вопрос 4','Какое количество информации содержит один разряд шестнадцатеричного числа?',0,60,4,NULL),(36,'CLOSED','Вопрос 4','Растровый графический файл содержит черно-белое изображение (без градаций серого) размером 100 на 100 точек. Каков информационный объем этого файла?',0,60,4,NULL),(37,'CLOSED','Вопрос 4','Сколько битов в 3 килобайтах?',0,60,4,NULL),(38,'CLOSED','Вопрос 4','Выберите верное утверждение.',0,60,4,NULL),(39,'OPEN','Вопрос 5','Что такое операционная система?',0,600,5,''),(40,'OPEN','Вопрос 5','В чем, на Ваш взгляд, основные преимущества и недостатки операционных систем семейства Windows?',0,600,5,''),(41,'OPEN','Вопрос 5','Какие действия осуществляются системой, обеспечивающий удаленный доступ к информации после того, как пользователь вводит адрес в интернет-броузере и нажимает «ввод»?',0,600,5,''),(42,'OPEN','Вопрос 5','Как Вы считаете, какие требования предъявляются компьютеру, предназначенному для работы с графикой?',0,600,5,''),(43,'OPEN','Вопрос 5','Что такое вирус?',0,600,5,''),(44,'OPEN','Вопрос 5','В чем принцип работы архиватора?',0,600,5,''),(45,'CLOSED','Вопрос 6','Пикселизация изображений при увеличении масштаба – один из недостатков...',0,60,6,NULL),(46,'CLOSED','Вопрос 6','В цветовой модели RGB установлены следующие параметры: 0, 255, 0. Какой цвет будет соответствовать этим параметрам?',0,60,6,NULL),(47,'CLOSED','Вопрос 6','Физический размер изображения может измеряться в...',0,60,6,NULL),(48,'CLOSED','Вопрос 6','Растровый графический редактор предназначен для...',0,60,6,NULL),(49,'CLOSED','Вопрос 6','В модели CMYK в качестве компонентов применяются основные цвета...',0,60,6,NULL),(50,'CLOSED','Вопрос 6','В модели RGB в качестве компонентов применяются основные цвета...',0,60,6,NULL),(51,'CLOSED','Вопрос 6','Разрешение изображения измеряется в...',0,60,6,NULL),(52,'OPEN','Вопрос 7','Какое десятичное число соответствует восьмеричному числу 789?',0,180,7,''),(53,'OPEN','Вопрос 7','Электронные лампы какой мощности применялись в ЭВМ третьего поколения?',0,180,7,''),(54,'OPEN','Вопрос 7','Какой линейный алгоритм с командой повтора Вы можете привести в качестве примера?',0,180,7,''),(55,'CLOSED','Вопрос 8','Выберите верное утверждение.',0,60,8,NULL),(56,'CLOSED','Вопрос 8','Выберите правильное утверждение.',0,60,8,NULL),(57,'OPEN','Вопрос 9','Дана последовательность целых чисел. Как найти позицию минимального элемента в этой последовательности?Можно описать словами или написать фрагмент программы.',0,420,9,''),(58,'OPEN','Вопрос 9','На любом известном Вам языке программирования напишите фрагмент программы, выводящей на экран минимальное из трех целых чисел, хранимых в переменных а, b и c. (Можно описать алгоритм словами).',0,420,9,''),(59,'OPEN','Вопрос 10','Сколько существует чисел в интервале от 0 до 999, в записи которых есть хотя бы одна четная цифра? Примечание: 0 – четная цифра.',0,900,10,''),(60,'OPEN','Вопрос 10','В среднем полторы курицы за полтора часа сносят полтора яйца. Сколько яиц снесут в среднем десять куриц за шесть часов?',0,900,10,''),(61,'OPEN','Вопрос 10','После 7 стирок длина, ширина и высота куска мыла уменьшились вдвое. На сколько стирок хватит оставшегося куска?',0,900,10,''),(62,'OPEN','Вопрос 10','Над озёрами летели гуси. На каждом садилась половина гусей и ещё полгуся, остальные летели дальше. Все сели на 7 озёрах. Сколько было гусей?',0,900,10,''),(63,'OPEN','Вопрос 10','Можно ли отмерить 8 литров воды, находясь у ручья и имея два ведра вместимостью 15 литров и 16 литров соответственно?',0,900,10,''),(64,'OPEN','Вопрос 10','Купец на 540 рублей купил 138 аршин сукна (чёрного и синего). Сколько купил он чёрного сукна и сколько синего, если синее стоило 5 рублей за аршин, а чёрное — 3 рубля за аршин?',0,900,10,''),(65,'OPEN','Вопрос 10','В кружке, где занимается Миша, более 93% участников — девочки. Чему равно наименьшее возможное число участников?',0,900,10,''),(66,'OPEN','Вопрос 10','У Ивана было 3 лепёшки, а у Петра — 4. Прохожий присоединился к их трапезе, заплатив 7 копеек. Все ели поровну. Как следует распределить деньги между Петром и Иваном?',0,900,10,''),(67,'OPEN','Вопрос 11','Почему канализационные люки делают круглыми?',0,900,11,''),(68,'OPEN','Вопрос 11','Почему вода тушит огонь?',0,900,11,''),(70,'OPEN','Вопрос 1','На какой технологии основана система дистанционного обучения СпбГУ ИТМО?',0,120,12,''),(71,'OPEN','Вопрос 1','Какие важнейшие особенности отличают систему ДО ИТМО от существующих систем?',0,180,12,''),(72,'OPEN','Вопрос 1','В чем заключается открытость системы ДО ИТМО?',0,240,12,''),(73,'OPEN','Вопрос 1','В чем заключается универсальность системы ДО ИТМО?',0,240,12,''),(74,'OPEN','Вопрос 1','Какие способы и методы обучения реализованы в системке ДО ИТМО?',0,240,12,''),(75,'OPEN','Вопрос 1','Каковы основные цели при использовании системы ДО ИТМО?',0,180,12,''),(76,'OPEN','Вопрос 2','Перечислите основные части аппаратной структуры ДО ИТМО.',0,240,13,''),(77,'OPEN','Вопрос 2','Перечислите основные части прогрпммной структуры системы ДО ИТМО.',0,240,13,''),(78,'OPEN','Вопрос 2','Какую функцию выполняют Java-апплеты в программной структуре ДО ИТМО?',0,180,13,''),(79,'OPEN','Вопрос 2','Какую функцию выполняет Web-сервер и сервер базы данных в програмной структуре ДО ИТМО?',0,240,13,''),(80,'OPEN','Вопрос 2','Для чего нужен интерфейс JDBC и каковы его основные преимущества по сравнению с другими?',0,240,13,''),(81,'OPEN','Вопрос 3','Дайте определение понятию \"тестовое задание\".',0,240,14,''),(82,'OPEN','Вопрос 3','Дайте определение понятию \"информационный кадр\".',0,240,14,''),(83,'OPEN','Вопрос 3','Дайте определение закрытой формы тестового задания.',0,240,14,''),(84,'OPEN','Вопрос 3','Дайте определение закрытой форме тестового задания.',0,240,14,''),(85,'OPEN','Вопрос 3','Дайте определение тестовой формы задания на соответствие.',0,240,14,''),(86,'OPEN','Вопрос 3','Дайте определение тестовой формы задания на установление правильной последовательности.',0,240,14,''),(89,'OPEN','Вопрос 6','Поясните принцип построения сценария тестового задания типа \"вариант\".',0,300,17,''),(90,'OPEN','Вопрос 6','Поясните принцип построения сценария тестового задания типа \"группа\".',0,300,17,''),(91,'OPEN','Вопрос 6','Поясните принцип построения сценария тестового задания типа \"уровень\".',0,300,17,''),(92,'OPEN','Вопрос 7','Что означает символ # в тестовом задании или информационном кадре?',0,240,18,''),(93,'OPEN','Вопрос 7','Что означает символ L после символа # в тест-кадре?',0,240,18,''),(94,'OPEN','Вопрос 7','Что означает символ N после символа # в тест-кадре?',0,240,18,''),(95,'OPEN','Вопрос 7','Что означает символ F после символа # в тест-кадре?',0,240,18,''),(96,'OPEN','Вопрос 7','Что означает символ Q после символа # в тест-кадре?',0,240,18,''),(97,'OPEN','Вопрос 8','Какие ограничения накладываются на авторский номер тест-кадра в системе ДО ИТМО?',0,300,19,''),(98,'CLOSED','Вопрос 8','Символ W после номера тест-кадра является:',0,120,19,NULL),(99,'CLOSED','Вопрос 8','Символ S после номера тест-кадра является:',0,120,19,NULL),(100,'OPEN','Вопрос 9','Поясните заголовок тестового вопроса:\r\n#N 152 W3 ',0,300,20,''),(101,'OPEN','Вопрос 10','Каким способом в системе ДО вводяться специальные символы, которых нет на стандартной клавиатуре компьютера?',0,300,21,''),(103,'OPEN','Вопрос 12','Какой язык используется для составления файлов описания типа TextBook?',0,60,23,''),(104,'OPEN','Вопрос 12','Какой язык используется для составления файлов описания типа InfoResource?',0,60,23,''),(105,'OPEN','Вопрос 12','Какой язык используется для составления файлов описания типа PracticalWork?',0,60,23,''),(106,'CLOSED','Вопрос 11','Выберите возможные типы тест-кадра',0,180,22,NULL),(107,'OPEN','Вопрос 5','В чем различие атрибута G для информационного кадра и для \"сцепленного\" тестового задания?',0,180,16,'Информационный - определяет номер следующего тест-кадра.\r\nСцепленный - номер кадра, пред. при неверном ответе.'),(108,'CLOSED','Вопрос 4','Какой атрибут указывает на возможность пропуска задания с последующим предложением их заново?',0,120,15,NULL),(109,'OPEN','Вопрос 9','Охарактеризуйте логические операции для связи операндов в вопросе открытого типа, обозначаемых в системе тестирования знаками &, V, ~ ? ',0,120,20,'& и\r\nV или\r\n~ не'),(110,'CLOSED','Вопрос 9','Каждый опереанд в тестовом задании открытой формы заключается в',0,120,20,NULL),(120,'CLOSED','Вопрос','В случае независимых равновероятных символов',3,150,28,NULL),(121,'CLOSED','Вопрос','Функционалом называется',3,150,28,NULL),(122,'CLOSED','Вопрос','\r\nИзбыточностью обладают:',2,100,29,NULL),(123,'CLOSED','Вопрос','Энтропия максимальна, если:',2,100,29,NULL),(124,'CLOSED','Вопрос','Информация, полученная в нескольких сообщениях, равна:',2,100,29,NULL),(125,'CLOSED','Вопрос','Случайный процесс представляет собой',1,50,30,NULL),(126,'CLOSED','Вопрос','Дискретное сообщение является: ',1,50,30,NULL),(128,'CLOSED','Вопрос','Пусть объем алфавита A составляет m дискретных сообщений. Каждое сообщение включает n символов. Тогда общее количество дискретных символов составляет:',1,50,30,NULL),(129,'CLOSED','Вопрос','Cообщения большей протяжённости содержат:',1,50,30,NULL),(130,'CLOSED','Вопрос','Амплитудный спектр сигнала, \"растянутого\" в области определения в k раз',3,150,31,NULL),(131,'CLOSED','Вопрос','Амплитудный спектр производной от гауссовой функции с максимумом в нуле есть:',3,150,31,NULL),(132,'CLOSED','Вопрос','Корреляционная функция и спектральная плотность мощности: ',2,100,32,NULL),(133,'CLOSED','Вопрос','Амплитудный спектр сигнала синусоидальной формы с нулевой начальной фазой:',2,100,32,NULL),(134,'CLOSED','Вопрос','Расстоянием между кодовыми комбинациями называют:',2,100,32,NULL),(135,'CLOSED','Вопрос','Метрическим называется линейное векторное пространство, в котором',1,50,33,NULL),(136,'CLOSED','Вопрос','Методика исправления ошибок при корректирующем кодировании состоит в том, что:',1,50,33,NULL),(137,'CLOSED','Вопрос','Линейная система характеризуется:',1,50,33,NULL),(138,'CLOSED','Вопрос','Корреляционная функция имеет размерность:',3,150,34,NULL),(139,'CLOSED','Вопрос','Спектральная плотность мощности имеет размерность:',3,150,34,NULL),(140,'CLOSED','Вопрос','Спектральная плотность мощности сигнала есть:',2,100,35,NULL),(141,'CLOSED','Вопрос','Фазовый спектр представляет собой:',2,100,35,NULL),(142,'CLOSED','Вопрос','Эргодический процесс',2,100,35,NULL),(143,'CLOSED','Вопрос','Спектр свертки двух сигналов равен:',1,50,36,NULL),(144,'CLOSED','Вопрос','Финитное преобразование Фурье означает:',1,50,36,NULL),(145,'CLOSED','Вопрос','Дискретизацией называется:',1,50,36,NULL),(146,'CLOSED','Вопрос','Квантованием называется:',1,50,36,NULL),(147,'CLOSED','Вопрос','Влияние апертурной функции элемента дискретизации в спектральной области выражается в виде:',3,150,37,NULL),(148,'CLOSED','Вопрос','Индекс амплитудной модуляции характеризует:',3,150,37,NULL),(149,'CLOSED','Вопрос','Спектр амплитудно-модулированного сигнала определяется:',2,100,38,NULL),(150,'CLOSED','Вопрос','Манипуляция представляет собой:',2,100,38,NULL),(151,'CLOSED','Вопрос','Модуляцию называют цифровой, если:',2,100,38,NULL),(152,'CLOSED','Вопрос','Амплитудным спектром называется:',1,50,39,NULL),(153,'CLOSED','Вопрос','Запрещенными кодовыми комбинациями являются:',1,50,39,NULL),(154,'CLOSED','Вопрос','В равномерном коде:',1,50,39,NULL),(155,'CLOSED','Вопрос','Спектр фазомодулированного сигнала',3,150,40,NULL),(156,'CLOSED','Вопрос','Спектр амплитудно манипулированного сигнала:',3,150,40,NULL),(157,'CLOSED','Вопрос','Частотный дискриминатор представляет собой:',2,100,41,NULL),(158,'CLOSED','Вопрос','Частотно-модулированный сигнал определяется:',2,100,41,NULL),(159,'CLOSED','Вопрос','При дискретизации сигнала происходит операция:',2,100,41,NULL),(160,'CLOSED','Вопрос','Теорема дискретизации устанавливает, что:',1,50,42,NULL),(161,'CLOSED','Вопрос','В равномерном коде:',1,50,42,NULL),(162,'CLOSED','Вопрос','Многопозиционный код',1,50,42,NULL),(163,'CLOSED','Вопрос','Кодовой комбинацией называется:',1,50,42,NULL),(164,'CLOSED','Вопрос','Принцип амплитудно-импульсной модуляции состоит в том, что:',3,150,43,NULL),(165,'CLOSED','Вопрос','Принцип импульсно-кодовой модуляции состоит в том, что:',3,150,43,NULL),(166,'CLOSED','Вопрос','Принцип фазоимпульсой модуляции состоит в том, что:',3,150,43,NULL),(167,'CLOSED','Вопрос','Скважностью импульсов называется:',2,100,44,NULL),(168,'CLOSED','Вопрос','Случайная величина представляет собой',2,100,44,NULL),(169,'CLOSED','Вопрос','Случайная функция называется так потому, что',2,100,44,NULL),(170,'CLOSED','Вопрос','Диаграммы Эйлера-Венна показывают',1,50,45,NULL),(171,'CLOSED','Вопрос','\r\nСумма множеств в теории множеств обозначается как',1,50,45,NULL),(172,'CLOSED','Вопрос','Произведение множеств в теории множеств обозначается как',1,50,45,NULL),(173,'CLOSED','Вопрос','АИМ по сравнению с ИКМ:',3,150,46,NULL),(174,'CLOSED','Вопрос','ФИМ имеет преимущество перед ИКМ:',3,150,46,NULL),(175,'CLOSED','Вопрос','Амплитудный спектр имеет размерность:',2,60,47,NULL),(176,'CLOSED','Вопрос','Основанием кода называется:',2,60,47,NULL),(177,'CLOSED','Вопрос','Наличие статистических связей между символами приводит',2,60,47,NULL),(178,'CLOSED','Вопрос','Эффективное (статистическое) кодирование осуществляется с целью:',1,50,48,NULL),(179,'CLOSED','Вопрос','Корректирующее кодирование имеет целью:',1,50,48,NULL),(180,'CLOSED','Вопрос','Кодом называется: ',1,50,48,NULL),(181,'CLOSED','Вопрос','Если алфавит источника сообщений имеет больший объём, то каждое отдельное сообщение содержит:',1,40,48,NULL),(182,'CLOSED','Вопрос','Производительностью кодера называется:',3,150,49,NULL),(183,'CLOSED','Вопрос','Критерий среднего риска основывается на:',3,150,49,NULL),(184,'CLOSED','Вопрос','Задача оценивания параметров сигнала состоит в:',2,100,50,NULL),(185,'CLOSED','Вопрос','Задача фильтрации параметров сигнала состоит в:',2,100,50,NULL),(186,'CLOSED','Вопрос','Модуляцию называют дискретной, если:',2,100,50,NULL),(187,'CLOSED','Вопрос','\r\nКодовой комбинацией называется:',1,50,51,NULL),(188,'CLOSED','Вопрос','Энтропия совместного появления двух символов равна:',1,50,51,NULL),(189,'CLOSED','Вопрос','Среднее количество информации, передаваемое одним символом равно:',1,50,51,NULL),(190,'CLOSED','Вопрос','Критерий идеального наблюдателя основывается на:',3,150,52,NULL),(191,'CLOSED','Вопрос','Критерий минимума суммы условных вероятностей ошибок предполагает ',3,150,52,NULL),(192,'CLOSED','Вопрос','Пропускная способность идеального дискретного канала определяется:',2,100,53,NULL),(193,'CLOSED','Вопрос','Обеспечение высокой верности передачи информации в реальных каналах достигается за счет:',2,100,53,NULL),(194,'CLOSED','Вопрос','Минимальная средняя длина кодовых комбинаций в реальных каналах определяется ',2,100,53,NULL),(195,'CLOSED','Вопрос','Теорема Шеннона для дискретизации сигналов устанавливает, что:',1,50,54,NULL),(196,'CLOSED','Вопрос','Задача обнаружения информационного сигнала состоит в:',1,50,54,NULL),(197,'CLOSED','Вопрос','\r\nЗадача различения сигнала состоит в:',1,50,54,NULL),(198,'CLOSED','Вопрос','Критерий Неймана-Пирсона обеспечивает',3,150,55,NULL),(199,'CLOSED','Вопрос','Критерий максимального правдоподобия является',3,150,55,NULL),(200,'CLOSED','Вопрос','Принцип дельта-модуляции состоит в:',2,100,56,NULL),(201,'CLOSED','Вопрос','Влияние апертурной функции элемента дискретизации выражается:',2,100,56,NULL),(202,'CLOSED','Вопрос','Производительностью источника сообщений называется:',2,100,56,NULL),(203,'CLOSED','Вопрос','Передача информации по дискретному каналу с помехами со сколь угодно малой вероятностью ошибки возможна, если:',1,50,57,NULL),(204,'CLOSED','Вопрос','Фильтр Винера представляет собой',1,50,57,NULL),(205,'CLOSED','Вопрос','Медианный фильтр представляет собой',1,50,57,NULL);
UNLOCK TABLES;
/*!40000 ALTER TABLE `question` ENABLE KEYS */;

--
-- Table structure for table `question_group`
--

DROP TABLE IF EXISTS `question_group`;
CREATE TABLE `question_group` (
  `QUESTION_GROUP_ID` int(11) NOT NULL auto_increment,
  `name` varchar(255) default NULL,
  `description` varchar(255) default NULL,
  `PART_ID` int(11) NOT NULL,
  PRIMARY KEY  (`QUESTION_GROUP_ID`),
  KEY `FK442088C62C56FABA` (`PART_ID`),
  CONSTRAINT `FK442088C62C56FABA` FOREIGN KEY (`PART_ID`) REFERENCES `part` (`PART_ID`)
) ENGINE=InnoDB DEFAULT CHARSET=utf8;

--
-- Dumping data for table `question_group`
--


/*!40000 ALTER TABLE `question_group` DISABLE KEYS */;
LOCK TABLES `question_group` WRITE;
INSERT INTO `question_group` VALUES (1,'Группа 1','Вопросы № 1',1),(2,'Группа 1','Вопросы № 2',2),(3,'Группа 1','Вопросы № 3',3),(4,'Часть 1','Вопросы № 4',4),(5,'Группа 1','Вопросы № 5',5),(6,'Группа 1','Вопросы № 6',6),(7,'Группа 1','Вопросы № 7',7),(8,'Группа 1','Вопросы № 8',8),(9,'Группа 1','Вопросы № 9',9),(10,'Группа 1','Вопросы № 10',10),(11,'Группа 1','Вопросы № 11',11),(12,'Вопросы 1','Вопросы',12),(13,'Вопросы 2','Вопросы',12),(14,'Вопросы 3','Вопросы',12),(15,'Вопросы 4','Вопросы',12),(16,'Вопросы 5','Вопросы',12),(17,'Вопросы 6','Вопросы',12),(18,'Вопросы 7','Вопросы',12),(19,'Вопросы 8','Вопросы',12),(20,'Вопросы 9','Вопросы',12),(21,'Вопросы 10','Вопросы',12),(22,'Вопросы 11','Вопросы',12),(23,'Вопросы 12','Вопросы',12),(28,'Сложные вопросы','',13),(29,'Средние вопросы','',13),(30,'Легкие вопросы','',13),(31,'Сложные вопросы','',14),(32,'Средние вопросы','',14),(33,'Легкие вопросы','',14),(34,'Сложные вопросы','',15),(35,'Средние вопросы','',15),(36,'Легкие вопросы','',15),(37,'Сложные вопросы','',16),(38,'Средние вопросы','',16),(39,'Легкие вопросы','',16),(40,'Сложные вопросы','',17),(41,'Средние вопросы','',17),(42,'Легкие вопросы','',17),(43,'Сложные вопросы','',18),(44,'Средние вопросы','',18),(45,'Легкие вопросы','',18),(46,'Сложные вопросы','',19),(47,'Средние вопросы','',19),(48,'Легкие вопросы','',19),(49,'Сложные вопросы','',20),(50,'Средние вопросы','',20),(51,'Легкие вопросы','',20),(52,'Сложные вопросы','',21),(53,'Средние вопросы','',21),(54,'Легкие вопросы','',21),(55,'Сложные вопросы','',22),(56,'Средние вопросы','',22),(57,'Легкие вопросы','',22);
UNLOCK TABLES;
/*!40000 ALTER TABLE `question_group` ENABLE KEYS */;

--
-- Table structure for table `subject`
--

DROP TABLE IF EXISTS `subject`;
CREATE TABLE `subject` (
  `SUBJECT_ID` int(11) NOT NULL auto_increment,
  `SUBJECT_NAME` varchar(255) default NULL,
  `SUBJECT_DESCRIPTOR` varchar(255) default NULL,
  `SUBJECT_CREATOR` varchar(255) default NULL,
  PRIMARY KEY  (`SUBJECT_ID`)
) ENGINE=InnoDB DEFAULT CHARSET=utf8;

--
-- Dumping data for table `subject`
--


/*!40000 ALTER TABLE `subject` DISABLE KEYS */;
LOCK TABLES `subject` WRITE;
INSERT INTO `subject` VALUES (1,'Введение в программирование','Контроль начальных знаний','М.А. Волынский'),(2,'Компьютерные технологии в индустрии ФиО','Технологии ФиО','Мрагарянц Никита Борисович'),(3,'Теория информации и информационных систем','Итоговый тест','Гуров И. П.');
UNLOCK TABLES;
/*!40000 ALTER TABLE `subject` ENABLE KEYS */;
/*!40103 SET TIME_ZONE=@OLD_TIME_ZONE */;

/*!40101 SET SQL_MODE=@OLD_SQL_MODE */;
/*!40014 SET FOREIGN_KEY_CHECKS=@OLD_FOREIGN_KEY_CHECKS */;
/*!40014 SET UNIQUE_CHECKS=@OLD_UNIQUE_CHECKS */;
/*!40101 SET CHARACTER_SET_CLIENT=@OLD_CHARACTER_SET_CLIENT */;
/*!40101 SET CHARACTER_SET_RESULTS=@OLD_CHARACTER_SET_RESULTS */;
/*!40101 SET COLLATION_CONNECTION=@OLD_COLLATION_CONNECTION */;
/*!40111 SET SQL_NOTES=@OLD_SQL_NOTES */;

